"","x","artist","title","reviewid","score","author","author_type","pub_date","pub_weekday","album_release_year"
"1",1,"a place to bury strangers","a place to bury strangers",10595,8.4,"marc hogan","senior staff writer","2007-08-31",4,2007
"2",2,"a sunny day in glasgow","sea when absent",19478,8.5,"lindsay zoladz","contributor","2014-06-24",1,2014
"3",3,"a tribe called quest","we got it from here... thank you 4 your service",22607,9,"kris ex","contributor","2016-11-17",3,2016
"4",4,"a$ap rocky","live.love.a$ap",16026,8.2,"jeff weiss","contributor","2011-11-10",3,2011
"5",5,"a$ap rocky","long.live.a$ap",17505,8.5,"jayson greene","senior editor","2013-01-02",2,2013
"6",6,"a.c. newman","the slow wonder",5898,8.8,"brandon stosuy","contributor","2004-06-09",2,2004
"7",7,"actress","r.i.p.",16544,8.5,"mike powell","contributor","2012-04-26",3,2012
"8",8,"air","talkie walkie",81,8.3,"brent dicrescenzo","contributor","2004-01-25",6,2004
"9",9,"air france","no way down",11933,8.6,"marc hogan","senior staff writer","2008-06-26",3,2008
"10",10,"anderson .paak","malibu",21387,8.6,"marcus j. moore","contributor","2016-01-11",0,2016
"11",11,"andy stott","luxury problems",17205,8.7,"mark richardson","executive editor","2012-10-29",0,2012
"12",12,"andy stott","faith in strangers",20021,8.4,"grayson haver currin","contributor","2014-11-21",4,2014
"13",13,"angel olsen","burn your fire for no witness",18956,8.3,"lindsay zoladz","contributor","2014-02-17",0,2014
"14",14,"angel olsen","my woman",22282,8.8,"jenn pelly","associate reviews editor","2016-09-02",4,2016
"15",15,"animal collective","strawberry jam",10650,9.3,"mark richardson","executive editor","2007-09-10",0,2007
"16",16,"animal collective","merriweather post pavilion",12518,9.6,"mark richardson","executive editor","2009-01-05",0,2009
"17",17,"animal collective","fall be kind",13739,8.9,"mark richardson","executive editor","2009-11-25",2,2009
"18",18,"animal collective","sung tongs",191,8.9,"dominique leone","contributor","2004-05-02",6,2004
"19",19,"animal collective","feels",193,9,"mark richardson","executive editor","2005-10-17",0,2005
"20",20,"anna meredith","varmints",21527,8.4,"laura snapes","contributor","2016-03-07",0,2016
"21",21,"annie","anniemal",456,8.8,"scott plagenhoef","contributor","2004-11-07",6,2004
"22",22,"anohni","hopelessness",21819,9,"jenn pelly","associate reviews editor","2016-05-05",3,2016
"23",23,"antony and the johnsons","the crying light",12596,8.6,"marc masters","contributor","2009-01-19",0,2009
"24",24,"antony and the johnsons","i am a bird now",467,8.6,"brandon stosuy","contributor","2005-02-10",3,2005
"25",25,"aphex twin","syro",19755,8.7,"mark richardson","executive editor","2014-09-22",0,2014
"26",26,"aphex twin","computer controlled acoustic instruments pt2",20156,8.3,"mark richardson","executive editor","2015-01-27",1,2015
"27",27,"araabmuzik","electronic dream",15566,8.2,"tom breihan","contributor","2011-07-06",2,2011
"28",28,"arca","xen",19836,8.4,"philip sherburne","contributing editor","2014-11-03",0,2014
"29",29,"arca","mutant",21231,8.4,"mark richardson","executive editor","2015-11-18",2,2015
"30",30,"arcade fire","the suburbs",14516,8.6,"ian cohen","contributor","2010-08-02",0,2010
"31",31,"arcade fire","reflektor",18667,9.2,"lindsay zoladz","contributor","2013-10-28",0,2013
"32",32,"arcade fire","funeral",452,9.7,"david moore","contributor","2004-09-12",6,2004
"33",33,"arcade fire","neon bible",9946,8.4,"stephen m. deusner","contributor","2007-03-05",0,2007
"34",34,"architecture in helsinki","in case we die",441,8.8,"rob mitchum","contributor","2005-05-03",1,2005
"35",35,"archy marshall","a new place 2 drown",21326,8.6,"jayson greene","senior editor","2015-12-11",4,2015
"36",36,"ariel pink","pom pom",19936,8.8,"jeff weiss","contributor","2014-11-18",1,2014
"37",37,"ariel pink","before today",14324,9,"mark richardson","executive editor","2010-06-07",0,2010
"38",38,"ariel pink","mature themes",16936,8.5,"jayson greene","senior editor","2012-08-21",1,2012
"39",39,"art brut","bang bang rock & roll",475,8.9,"rob mitchum","contributor","2005-06-02",3,2005
"40",40,"atlas sound","let the blind lead those who can see but cannot feel",11160,8.6,"marc hogan","senior staff writer","2008-02-19",1,2008
"41",41,"atlas sound","logos",13619,8.2,"mark richardson","executive editor","2009-10-22",3,2009
"42",42,"atlas sound","parallax",15998,8.7,"nick neyland","contributor","2011-11-07",0,2011
"43",43,"autre ne veut","anxiety",17645,8.5,"ian cohen","contributor","2013-02-26",1,2013
"44",44,"band of horses","everything all the time",1200,8.8,"stephen m. deusner","contributor","2006-03-19",6,2006
"45",45,"baroness","yellow & green",16771,8.5,"brandon stosuy","contributor","2012-07-18",2,2012
"46",46,"baroness","purple",21179,8.5,"brandon stosuy","contributor","2015-12-10",3,2015
"47",47,"basement jaxx","kish kash",573,9.1,"scott plagenhoef","contributor","2003-10-21",1,2003
"48",48,"bat for lashes","two suns",12910,8.5,"mark pytlik","contributor","2009-04-10",4,2009
"49",49,"bat for lashes","the haunted man",17174,8.4,"marc hogan","senior staff writer","2012-10-22",0,2012
"50",50,"baths","obsidian",18065,8.6,"ian cohen","contributor","2013-05-28",1,2013
"51",51,"battles","mirrored",10225,9.1,"jess harvell","contributor","2007-05-15",1,2007
"52",52,"beach house","devotion",11208,8.5,"brian howe","contributor","2008-02-26",1,2008
"53",53,"beach house","teen dream",13872,9,"mark richardson","executive editor","2010-01-26",1,2010
"54",54,"beach house","bloom",16604,9.1,"lindsay zoladz","contributor","2012-05-14",0,2012
"55",55,"beach house","depression cherry",20691,8.4,"jayson greene","senior editor","2015-08-18",1,2015
"56",56,"bear in heaven","beast rest forth mouth",13618,8.4,"eric harvey","contributor","2009-11-09",0,2009
"57",57,"belle & sebastian","the life pursuit",639,8.5,"marc hogan","senior staff writer","2006-02-05",6,2006
"58",58,"ben frost","a u r o r a",19302,8.5,"brandon stosuy","contributor","2014-05-30",4,2014
"59",59,"best coast","crazy for you",14472,8.4,"larry fitzmaurice","contributor","2010-07-27",1,2010
"60",60,"beyonce","beyonce",18821,8.8,"carrie battan","contributor","2014-01-06",0,2013
"61",61,"beyonce","lemonade",21867,8.5,"jillian mapes","senior editor","2016-04-26",1,2016
"62",62,"bibio","ambivalence avenue",13125,8.3,"brian howe","contributor","2009-06-26",4,2009
"63",63,"big boi","sir lucious left foot: the son of chico dusty",14424,9.2,"tom breihan","contributor","2010-07-06",1,2010
"64",64,"big k.r.i.t.","return of 4eva",15312,8.2,"tom breihan","contributor","2011-04-20",2,2011
"65",65,"bill callahan","sometimes i wish we were an eagle",12929,8.1,"brian howe","contributor","2009-04-17",4,2009
"66",66,"bill callahan","dream river",18491,8.5,"lindsay zoladz","contributor","2013-09-17",1,2013
"67",67,"bjork","vulnicura",20181,8.6,"katherine st. asaph","contributor","2015-01-23",4,2015
"68",68,"bjork","medulla",737,8.4,"dominique leone","contributor","2004-08-30",0,2004
"69",69,"black kids","wizard of ahhhs",10743,8.4,"marc hogan","senior staff writer","2007-10-05",4,2007
"70",70,"black lips","good bad not evil",10626,8.3,"jason crock",NA,"2007-09-06",3,2007
"71",71,"black mountain","black mountain",1146,8.3,"sam ubl",NA,"2005-01-16",6,2005
"72",72,"blitzen trapper","wild mountain nation",10292,8.5,"jason crock",NA,"2007-06-14",3,2007
"73",73,"bloc party","silent alarm",1130,8.9,"nitsuh abebe","contributor","2005-02-14",0,2005
"74",74,"blood orange","cupid deluxe",18736,8.5,"ryan dombal","senior editor","2013-11-13",2,2013
"75",75,"blood orange","freetown sound",22052,8.8,"marcus j. moore","contributor","2016-06-30",3,2016
"76",76,"boards of canada","tomorrow's harvest",18104,8.3,"mark richardson","executive editor","2013-06-10",0,2013
"77",77,"bon iver","bon iver, bon iver",15551,9.5,"mark richardson","executive editor","2011-06-20",0,2011
"78",78,"bon iver","22, a million",22420,9,"amanda petrusich","contributor","2016-09-30",4,2016
"79",79,"bonnie prince billie","superwolf",703,8.4,"amanda petrusich","contributor","2005-01-31",0,2005
"80",80,"bonnie prince billy","lie down in the light",11549,8.7,"stephen m. deusner","contributor","2008-05-27",1,2008
"81",81,"boris","pink",1185,8.7,"brandon stosuy","contributor","2006-01-09",0,2005
"82",83,"brian wilson","smile",8781,9,"dominique leone","contributor","2004-09-28",1,2004
"83",84,"broken social scene","forgiveness rock record",14200,8.3,"ryan dombal","senior editor","2010-05-03",0,2010
"84",85,"broken social scene","you forgot it in people",952,9.2,"ryan schreiber","editor-in-chief","2003-02-02",6,2002
"85",86,"broken social scene","broken social scene",955,8.4,"ryan dombal","senior editor","2005-10-03",0,2005
"86",87,"burial","untrue",10877,8.4,"philip sherburne","contributing editor","2007-11-13",1,2007
"87",88,"burial","kindred",16292,8.7,"andrew ryce","contributor","2012-02-15",2,2012
"88",89,"burial","truant / rough sleeper",17498,8.4,"mark richardson","executive editor","2013-01-04",4,2012
"89",90,"burial","rival dealer",18820,9,"larry fitzmaurice","contributor","2013-12-13",4,2013
"90",91,"califone","roots and crowns",9479,8.7,"amanda petrusich","contributor","2006-10-09",0,2006
"91",92,"camera obscura","my maudlin career",12942,8.3,"brian howe","contributor","2009-04-21",1,2009
"92",93,"car seat headrest","teens of denial",21673,8.5,"jeremy gordon","contributor","2016-05-20",4,2016
"93",94,"caribou","andorra",10559,8.3,"mark richardson","executive editor","2007-08-23",3,2007
"94",95,"caribou","swim",14157,8.4,"larry fitzmaurice","contributor","2010-04-20",1,2010
"95",96,"caribou","the milk of human kindness",1805,8.5,"mark richardson","executive editor","2005-04-20",2,2005
"96",97,"caribou","our love",19762,8.6,"jamieson cox","contributor","2014-10-07",1,2014
"97",363,"caribou","up in flames",5077,8.6,"mark richardson","executive editor","2003-04-03",3,2003
"98",98,"cass mccombs","catacombs",13180,8.2,"david bevan","contributor","2009-07-10",4,2009
"99",99,"cass mccombs","wit's end",15343,8.4,"ryan dombal","senior editor","2011-04-22",4,2011
"100",100,"castanets","cathedral",1774,8.5,"amanda petrusich","contributor","2004-08-31",1,2004
"101",101,"cee-lo green","cee-lo green is the soul machine",1755,8.3,"rollie pemberton",NA,"2004-03-04",3,2004
"102",102,"ceo","white magic",14407,8.5,"joe colly","contributor","2010-06-30",2,2010
"103",103,"chance the rapper","acid rap",18105,8.4,"jeff weiss","contributor","2013-05-07",1,2013
"104",104,"chance the rapper","coloring book",21909,9.1,"kris ex","contributor","2016-05-17",1,2016
"105",105,"charli xcx","true romance",17880,8.3,"marc hogan","senior staff writer","2013-04-25",3,2013
"106",106,"charlotte gainsbourg","irm",13878,8.4,"ryan dombal","senior editor","2010-01-28",3,2009
"107",107,"chromatics","night drive",10763,8.3,"jess harvell","contributor","2007-10-11",3,2007
"108",108,"chromatics","kill for love",16452,8.7,"marc hogan","senior staff writer","2012-04-03",1,2012
"109",109,"chvrches","the bones of what you believe",18523,8.5,"larry fitzmaurice","contributor","2013-09-25",2,2013
"110",110,"clap your hands say yeah","clap your hands say yeah",1811,9,"brian howe","contributor","2005-06-21",1,2005
"111",111,"clark","clark",19905,8.3,"ryan dombal","senior editor","2014-11-07",4,2014
"112",112,"clearlake","cedars",1495,9.1,"brent dicrescenzo","contributor","2003-06-22",6,2003
"113",113,"clipse","hell hath no fury",9658,9.1,"sean fennessey","contributor","2006-11-27",0,2006
"114",114,"cloud nothings","attack on memory",16158,8.6,"ian cohen","contributor","2012-01-23",0,2012
"115",115,"cloud nothings","here and nowhere else",19075,8.7,"ian cohen","contributor","2014-03-31",0,2014
"116",116,"comets on fire","blue cathedral",1563,8.5,"brandon stosuy","contributor","2004-07-29",3,2004
"117",117,"common","be",1566,8.6,"ryan dombal","senior editor","2005-05-31",1,2005
"118",118,"converge","all we love we leave behind",17132,8.6,"brandon stosuy","contributor","2012-10-12",4,2012
"119",119,"courtney barnett","sometimes i sit and think, and sometimes i just sit",20268,8.6,"mike powell","contributor","2015-03-23",0,2015
"120",120,"crystal antlers","ep",11580,8.5,"ian cohen",NA,"2008-06-11",2,2008
"121",121,"crystal castles","crystal castles",14190,8.5,"ian cohen","contributor","2010-04-29",3,2010
"122",122,"cults","cults",15432,8.5,"joe tangari","contributor","2011-06-06",0,2011
"123",123,"curren$y","pilot talk",14474,8.4,"tom breihan","contributor","2010-07-30",4,2010
"124",124,"cut copy","in ghost colours",11407,8.8,"mark pytlik","contributor","2008-04-14",0,2008
"125",125,"cut copy","zonoscope",15055,8.6,"tom breihan","contributor","2011-02-07",0,2011
"126",126,"cyann & ben","spring",1721,8.4,"nick sylvester","contributor","2003-10-02",3,2003
"127",127,"cymbals eat guitars","why there are mountains",12826,8.3,"ian cohen","contributor","2009-03-16",0,2009
"128",132,"d'angelo","black messiah",20078,9.4,"craig jenkins","contributor","2014-12-19",4,2014
"129",128,"daft punk","alive 2007",10925,8.5,"ryan dombal","senior editor","2007-11-20",1,2007
"130",129,"daft punk","random access memories",18028,8.8,"mark richardson","executive editor","2013-05-20",0,2013
"131",130,"dan deacon","spiderman of the rings",10207,8.7,"jess harvell","contributor","2007-05-11",4,2007
"132",131,"dan deacon","bromst",12833,8.5,"nitsuh abebe","contributor","2009-03-18",2,2009
"133",133,"danielson famile","ships",2642,9.1,"ryan schreiber","editor-in-chief","2006-05-10",2,2006
"134",134,"danny brown","old",18565,8.7,"jayson greene","senior editor","2013-10-03",3,2013
"135",135,"danny brown","atrocity exhibition",22468,8.5,"matthew ramirez","contributor","2016-10-03",0,2016
"136",136,"darkside","psychic",18586,9,"ian cohen","contributor","2013-10-07",0,2013
"137",137,"das racist","sit down, man",14662,8.7,"ian cohen","contributor","2010-09-23",3,2010
"138",138,"david bowie","blackstar",21332,8.5,"ryan dombal","senior editor","2016-01-07",3,2016
"139",139,"deafheaven","sunbather",18060,8.9,"brandon stosuy","contributor","2013-06-11",1,2013
"140",140,"deafheaven","new bermuda",21022,9,"jayson greene","senior editor","2015-10-01",3,2015
"141",141,"death from above 1979","you're a woman, i'm a machine",2587,8.3,"nick sylvester","contributor","2004-10-28",3,2004
"142",142,"death grips","the money store",16512,8.7,"jayson greene","senior editor","2012-04-24",1,2012
"143",143,"death grips","government plates",18779,8.4,"ian cohen","contributor","2013-11-19",1,2013
"144",144,"deerhoof","apple o",2252,8.3,"eric carr","contributor","2003-03-27",3,2003
"145",145,"deerhoof","the runners four",2256,9,"nick sylvester","contributor","2005-10-09",6,2005
"146",146,"deerhoof","friend opportunity",9810,8.9,"chris dahlen",NA,"2007-01-23",1,2007
"147",147,"deerhunter","fluorescent grey",10082,8.8,"marc hogan","senior staff writer","2007-04-16",0,2007
"148",148,"deerhunter","microcastle / weird era cont.",12360,9.2,"marc hogan","senior staff writer","2008-10-27",0,2008
"149",149,"deerhunter","halcyon digest",14681,9.2,"marc hogan","senior staff writer","2010-09-27",0,2010
"150",150,"deerhunter","monomania",17966,8.3,"ian cohen","contributor","2013-05-03",4,2013
"151",151,"deerhunter","fading frontier",21039,8.4,"ian cohen","contributor","2015-10-12",0,2015
"152",152,"deerhunter","cryptograms",9824,8.9,"marc hogan","senior staff writer","2007-01-30",1,2007
"153",153,"delorean","ayrton senna",13339,8.4,"marc hogan","senior staff writer","2009-07-28",1,2009
"154",154,"delorean","subiza",14147,8.4,"andrew gaerig","contributor","2010-04-22",3,2010
"155",155,"department of eagles","in ear park",12275,8.3,"amanda petrusich","contributor","2008-10-07",1,2008
"156",156,"destroyer","kaputt",15034,8.8,"mark richardson","executive editor","2011-01-24",0,2011
"157",157,"destroyer","destroyer's rubies",8970,8.5,"matt lemay","contributor","2006-02-20",0,2006
"158",158,"devendra banhart","rejoicing in the hands",548,8.4,"dominique leone","contributor","2004-03-16",1,2004
"159",159,"devendra banhart","cripple crow",553,8.4,"brandon stosuy","contributor","2005-09-12",0,2005
"160",160,"diiv","oshin",16749,8.3,"ian cohen","contributor","2012-06-26",1,2012
"161",161,"dinosaur jr.","farm",13109,8.5,"marc masters","contributor","2009-06-22",0,2009
"162",162,"diplo, m.i.a.","piracy funds terrorism, vol. 1",5617,8.5,"nick sylvester","contributor","2004-11-21",6,2004
"163",163,"dirty beaches","drifters / love is the devil",18076,8.4,"larry fitzmaurice","contributor","2013-05-23",3,2013
"164",164,"dirty projectors","bitte orca",13159,9.2,"paul thompson","contributor","2009-06-09",1,2009
"165",165,"dirty projectors","swing lo magellan",16806,8.8,"grayson currin","contributor","2012-07-09",0,2012
"166",166,"disclosure","settle",18091,9.1,"larry fitzmaurice","contributor","2013-06-04",1,2013
"167",167,"dizzee rascal","boy in da corner",2345,9.4,"scott plagenhoef","contributor","2003-07-06",6,2003
"168",168,"dj /rupture","uproot",12371,8.8,"mark pytlik","contributor","2008-10-24",4,2008
"169",169,"dj koze","amygdala",17793,8.6,"andrew ryce","contributor","2013-03-27",2,2013
"170",170,"dj quik","the book of david",15369,8.4,"jayson greene","senior editor","2011-04-28",3,2011
"171",171,"dj rashad","double cup",18627,8.6,"larry fitzmaurice","contributor","2013-10-22",1,2013
"172",172,"donnie trumpet & the social experiment","surf",20664,8.3,"david drake","contributor","2015-06-05",4,2015
"173",173,"dr. dre","compton",20935,8.8,"jay balfour","contributor","2015-08-11",1,2015
"174",174,"drake","take care",16039,8.6,"ryan dombal","senior editor","2011-11-14",0,2011
"175",175,"drake","nothing was the same",18511,8.6,"jayson greene","senior editor","2013-09-23",0,2013
"176",176,"drake","if you're reading this it's too late",20271,8.3,"craig jenkins","contributor","2015-02-17",1,2015
"177",177,"dum dum girls","end of daze",17084,8.3,"lindsay zoladz","contributor","2012-09-24",0,2012
"178",178,"dungen","ta det lugnt",2573,9.3,"brandon stosuy","contributor","2004-09-16",3,2004
"179",179,"dvsn","sept. 5th",21756,8.3,"ryan dombal","senior editor","2016-04-05",1,2016
"180",180,"earl sweatshirt","doris",18380,8.3,"craig jenkins","contributor","2013-08-19",0,2013
"181",181,"edan","beauty and the beat",2682,8.8,"peter macia","contributor","2005-04-18",0,2005
"182",182,"el-p","cancer for cure",16641,8.5,"jeff weiss","contributor","2012-05-21",0,2012
"183",183,"el guincho","alegranza!",11200,8.3,"tim finney",NA,"2008-02-22",4,2007
"184",184,"ellen allien","berlinette",411,8.9,"nitsuh abebe","contributor","2003-11-10",0,2003
"185",185,"elza soares"," a mulher do fim do mundo (the woman at the end of the world) ",22173,8.4,"philip sherburne","contributing editor","2016-07-29",4,2016
"186",186,"ema","past life martyred saints",15386,8.5,"nick neyland","contributor","2011-05-10",1,2011
"187",187,"emeralds","does it look like i'm here?",14275,8.3,"philip sherburne","contributing editor","2010-06-09",2,2010
"188",188,"empress of","me",20976,8.2,"stuart berman","contributor","2015-09-08",1,2015
"189",82,"eno & hyde","high life",19539,8.5,"mark richardson","executive editor","2014-07-02",2,2014
"190",189,"erlend oye","dj kicks",6079,8.2,"nick sylvester","contributor","2004-05-07",4,2004
"191",190,"esperanza spalding","emilys d+evolution",21575,8.6,"marcus j. moore","contributor","2016-03-04",4,2016
"192",191,"ex hex","rips",19891,8.4,"aaron leitko","contributor","2014-10-10",4,2014
"193",192,"excepter","ka",2912,8.4,"dominique leone","contributor","2004-12-07",1,2003
"194",193,"fang island","fang island",14011,8.3,"ian cohen","contributor","2010-03-15",0,2010
"195",194,"father john misty","i love you, honeybear",20131,8.8,"mike powell","contributor","2015-02-09",0,2015
"196",195,"feist","the reminder",10178,8.8,"ryan dombal","senior editor","2007-04-30",0,2007
"197",196,"fever ray","fever ray",12845,8.1,"mark pytlik","contributor","2009-03-20",4,2009
"198",197,"fiona apple","the idler wheel is wiser than the driver of the screw and whipping cords will serve you more than ropes will ever do",16732,9,"ryan dombal","senior editor","2012-06-18",0,2012
"199",198,"fka twigs","lp1",19590,8.8,"philip sherburne","contributing editor","2014-08-11",0,2014
"200",199,"fka twigs","m3ll155x",20985,8.6,"anupa mistry","contributor","2015-08-19",2,2015
"201",200,"fleet foxes","sun giant",11206,8.7,"stephen m. deusner","contributor","2008-02-29",4,2008
"202",201,"fleet foxes","fleet foxes",11587,9,"stephen m. deusner","contributor","2008-06-06",4,2008
"203",202,"fleet foxes","helplessness blues",15363,8.8,"larry fitzmaurice","contributor","2011-05-02",0,2011
"204",203,"floating points","elaenia",21110,8.4,"philip sherburne","contributing editor","2015-11-03",1,2015
"205",204,"flying lotus","los angeles",12132,8.5,"nate patrin","contributor","2008-08-29",4,2008
"206",205,"flying lotus","cosmogramma",14198,8.8,"joe colly","contributor","2010-05-06",3,2010
"207",206,"flying lotus","until the quiet comes",17115,8.5,"mark richardson","executive editor","2012-10-01",0,2012
"208",207,"flying lotus","you're dead!",19875,8.3,"nate patrin","contributor","2014-10-06",0,2014
"209",208,"fog","ether teeth",3130,8.4,"amanda petrusich","contributor","2003-05-20",1,2003
"210",209,"forest swords","engravings",18401,8.5,"marc masters","contributor","2013-08-27",1,2013
"211",210,"four tet","there is love in you",13861,8.6,"mark richardson","executive editor","2010-01-25",0,2010
"212",211,"four tet","rounds",3166,8.2,"andy beta","contributor","2003-05-04",6,2003
"213",212,"foxygen","we are the 21st century ambassadors of peace & magic",17552,8.4,"jayson greene","senior editor","2013-01-22",1,2013
"214",213,"frank ocean","channel orange",16859,9.5,"ryan dombal","senior editor","2012-07-12",3,2012
"215",214,"frank ocean","blonde",22295,9,"ryan dombal","senior editor","2016-08-25",3,2016
"216",215,"frankie cosmos","next thing",21765,8.5,"kevin lozano","tracks coordinator","2016-04-01",4,2016
"217",216,"frankie rose","interstellar",16304,8.4,"jayson greene","senior editor","2012-02-21",1,2012
"218",217,"franz ferdinand","franz ferdinand",3279,9.1,"brent dicrescenzo","contributor","2004-03-08",0,2004
"219",218,"fuck buttons","street horrrsing",11280,8.6,"marc masters","contributor","2008-03-17",0,2008
"220",219,"fuck buttons","tarot sport",13617,9,"joe colly","contributor","2009-10-23",4,2009
"221",220,"fuck buttons","slow focus",18295,8.7,"jayson greene","senior editor","2013-07-22",0,2013
"222",221,"fucked up","the chemistry of common life",12320,8.8,"ian cohen","contributor","2008-10-16",3,2008
"223",222,"fucked up","david comes to life",15513,8.6,"larry fitzmaurice","contributor","2011-06-08",2,2011
"224",223,"fujiya & miyagi","transparent things",9372,8.3,"william bowers","contributor","2006-09-14",3,2006
"225",224,"future","DS2 (Deluxe)",20810,8.4,"meaghan garvey","contributor","2015-07-22",2,2015
"226",225,"g.l.o.s.s.","trans day of revenge",22050,8.5,"brad nelson","contributor","2016-06-24",4,2016
"227",226,"gang gang dance","eye contact",15403,8.5,"aaron leitko","contributor","2011-05-06",4,2011
"228",227,"ghostface killah","fishscale",3637,9,"ryan dombal","senior editor","2006-03-27",0,2006
"229",228,"giddy motors","make it pop",3447,8.3,"eric carr","contributor","2003-02-11",1,2002
"230",229,"gil scott-heron","i'm new here",13893,8.5,"nate patrin","contributor","2010-02-10",2,2010
"231",230,"girl talk","night ripper",9208,8.4,"sean fennessey","contributor","2006-07-17",0,2006
"232",231,"girls","album",13477,9.1,"tom breihan","contributor","2009-09-25",4,2009
"233",232,"girls","broken dreams club",14870,8.7,"david bevan","contributor","2010-11-18",3,2010
"234",233,"girls","father, son, holy ghost",15811,9.3,"mark richardson","executive editor","2011-09-12",0,2011
"235",234,"godspeed you! black emperor","allelujah! don't bend! ascend!",17283,9.3,"mark richardson","executive editor","2012-10-15",0,2012
"236",235,"gonjasufi","a sufi and a killer",13968,8.4,"nate patrin","contributor","2010-03-04",3,2010
"237",236,"gorillaz","plastic beach",14008,8.5,"sean fennessey","contributor","2010-03-10",2,2010
"238",237,"grandaddy","sumday",3544,8.1,"amanda petrusich","contributor","2003-06-08",6,2003
"239",238,"grimes","visions",16211,8.5,"lindsay zoladz","contributor","2012-02-17",4,2012
"240",239,"grimes","art angels",21264,8.5,"jessica hopper","contributor","2015-11-10",1,2015
"241",240,"grizzly bear","friend",10871,8.5,"ryan schreiber","editor-in-chief","2007-11-06",1,2007
"242",241,"grizzly bear","veckatimest",13078,9,"paul thompson","contributor","2009-05-26",1,2009
"243",242,"grizzly bear","shields",17037,9.1,"lindsay zoladz","contributor","2012-09-17",0,2012
"244",243,"grizzly bear","yellow house",9365,8.7,"mark richardson","executive editor","2006-09-06",2,2006
"245",244,"grouper","the man who died in his boat",17571,8.3,"mark richardson","executive editor","2013-02-01",4,2013
"246",245,"grouper","ruins",19820,8.8,"philip sherburne","contributing editor","2014-10-28",1,2014
"247",246,"haim","days are gone",18574,8.3,"larry fitzmaurice","contributor","2013-09-30",0,2013
"248",247,"hamilton leithauser, rostam","i had a dream that you were mine",22313,8.3,"jillian mapes","senior editor","2016-09-23",4,2016
"249",248,"harvey milk","life...the best game in town",12005,8.6,"grayson currin","contributor","2008-07-17",3,2008
"250",367,"herbert","scale",9072,8.8,"jess harvell","contributor","2006-06-02",4,2006
"251",249,"hercules and love affair","hercules and love affair",11269,9.1,"philip sherburne","contributing editor","2008-03-12",2,2008
"252",250,"high places","03/07  09/07",11150,8.3,"mike powell",NA,"2008-02-14",3,2008
"253",251,"holly herndon","platform",20457,8.7,"winston cook-wilson","contributor","2015-05-21",3,2015
"254",252,"hot chip","one life stand",13908,8.4,"scott plagenhoef","contributor","2010-02-08",0,2010
"255",253,"how to dress well","love remains",14678,8.7,"mark richardson","executive editor","2010-09-24",4,2010
"256",254,"how to dress well","total loss",17046,8.4,"ian cohen","contributor","2012-09-20",3,2012
"257",255,"how to dress well","""what is this heart?""",19433,8.8,"ian cohen","contributor","2014-06-23",0,2014
"258",256,"hundred waters","the moon rang like a bell",19311,8.3,"mark richardson","executive editor","2014-05-29",3,2014
"259",257,"i'm from barcelona","let me introduce my friends",9294,8.4,"marc hogan","senior staff writer","2006-08-09",2,2006
"260",258,"iceage","new brigade",15576,8.4,"david bevan","contributor","2011-06-29",2,2011
"261",259,"iceage","you're nothing",17623,8.6,"brandon stosuy","contributor","2013-02-18",0,2013
"262",260,"iceage","plowing into the field of love",19806,8.5,"larry fitzmaurice","contributor","2014-10-09",3,2014
"263",261,"interpol","antics",4116,8.5,"david moore","contributor","2004-09-26",6,2004
"264",262,"iron & wine","the shepherd's dog",10691,8.6,"joe tangari","contributor","2007-09-25",1,2007
"265",263,"iron & wine","our endless numbered days",4127,8.6,"amanda petrusich","contributor","2004-03-28",6,2004
"266",264,"isis","wavering radiant",13009,8.5,"roque strew",NA,"2009-05-14",3,2009
"267",265,"islands","return to the sea",4170,8.4,"john motley",NA,"2006-04-05",2,2006
"268",266,"isole","we are monster",4164,8.4,"nick sylvester","contributor","2005-06-14",1,2005
"269",267,"james blake","cmyk",14229,8.3,"mike powell","contributor","2010-05-24",0,2010
"270",268,"james blake","james blake",15081,9,"grayson currin","contributor","2011-02-09",2,2011
"271",269,"james blake","the colour in anything",21906,8.2,"kevin lozano","tracks coordinator","2016-05-10",1,2016
"272",270,"jamie xx","in colour",20458,9.3,"mark richardson","executive editor","2015-06-01",0,2015
"273",271,"jamila woods","heavn",22156,8.4,"kris ex","contributor","2016-07-21",3,2016
"274",272,"janelle mone","the archandroid",14271,8.5,"matthew perpetua",NA,"2010-05-20",3,2010
"275",273,"janelle mone","the electric lady",18470,8.3,"jayson greene","senior editor","2013-09-10",1,2013
"276",274,"japandroids","post-nothing",12965,8.3,"ian cohen","contributor","2009-04-27",0,2009
"277",275,"japandroids","celebration rock",16564,8.8,"ian cohen","contributor","2012-05-29",1,2012
"278",276,"jason forrest","the unrelenting songs of the 1979 post disco crash",3290,8.5,"scott plagenhoef","contributor","2004-04-14",2,2004
"279",277,"jay-z","american gangster",10879,8.6,"tom breihan","contributor","2007-11-08",3,2007
"280",278,"jay-z","the black album",4219,8,"the pitchfork staff",NA,"2003-11-16",6,2003
"281",280,"jenny hval","blood bitch",22314,8.3,"jenn pelly","associate reviews editor","2016-10-04",1,2016
"282",281,"jens lekman","night falls over kortedala",10620,9,"marc hogan","senior staff writer","2007-09-05",2,2007
"283",282,"jens lekman","oh you're so silent jens",4970,8.5,"amy phillips","news director","2005-11-27",6,2005
"284",283,"jeremih","late nights: the album",21340,8.3,"meaghan garvey","contributor","2015-12-09",2,2015
"285",284,"jessie ware","devotion",16938,8.5,"ryan dombal","senior editor","2012-08-17",4,2012
"286",287,"jim orourke","simple songs",20488,8.6,"mark richardson","executive editor","2015-05-15",4,2015
"287",288,"jj","jj n 2",13326,8.6,"marc hogan","senior staff writer","2009-07-17",4,2009
"288",289,"jlin","dark energy",20450,8.5,"anupa mistry","contributor","2015-04-02",3,2015
"289",290,"joanna newsom","joanna newsom & the ys street band",10129,8.7,"douglas wolk","contributor","2007-04-23",0,2007
"290",291,"joanna newsom","have one on me",13960,9.2,"mark richardson","executive editor","2010-02-23",1,2010
"291",292,"joanna newsom","divers",21097,8.5,"laura snapes","contributor","2015-10-19",0,2015
"292",293,"joanna newsom","ys",9616,9.4,"chris dahlen",NA,"2006-11-13",0,2006
"293",294,"joey purp","iiidrops",21913,8.2,"kris ex","contributor","2016-06-03",4,2016
"294",285,"johann johannsson","englabrn",4274,8.9,"andy beta","contributor","2003-03-05",2,2002
"295",286,"johann johannsson","virulegu forsetar",4275,8.8,"mark richardson","executive editor","2004-11-23",1,2004
"296",295,"john maus","we must become the pitiless censors of ourselves",15596,8.4,"david bevan","contributor","2011-07-08",4,2011
"297",296,"john talabot","in",16249,8.5,"philip sherburne","contributing editor","2012-02-07",1,2012
"298",297,"jon hopkins","immunity",18090,8.5,"brian howe","contributor","2013-06-06",3,2013
"299",298,"julia holter","ekstasis",16352,8.6,"mark richardson","executive editor","2012-03-02",4,2012
"300",299,"julia holter","loud city song",18378,8.6,"lindsay zoladz","contributor","2013-08-16",4,2013
"301",300,"julia holter","have you in my wilderness",20825,8.4,"winston cook-wilson","contributor","2015-09-18",4,2015
"302",301,"julian lynch","mare",14366,8.5,"joe colly","contributor","2010-06-28",0,2010
"303",302,"julianna barwick","the magic place",15147,8.5,"mark richardson","executive editor","2011-02-23",2,2011
"304",303,"julianna barwick","nepenthe",18408,8.5,"lindsay zoladz","contributor","2013-08-23",4,2013
"305",304,"junior boys","last exit",4340,8.9,"scott plagenhoef","contributor","2004-06-15",1,2004
"306",305,"junior boys","so this is goodbye",9301,9,"mark pytlik","contributor","2006-08-10",3,2006
"307",306,"justice","justice",10321,8.4,"jess harvell","contributor","2007-06-12",1,2007
"308",307,"justin timberlake","the 20/20 experience",17736,8.4,"ryan dombal","senior editor","2013-03-19",1,2013
"309",308,"kaitlyn aurelia smith","sunergy",22300,8.4,"jenn pelly","associate reviews editor","2016-09-15",3,2016
"310",309,"kamaiyah","a good night in the ghetto",21712,8.2,"jayson greene","senior editor","2016-03-24",3,2016
"311",310,"kamasi washington","the epic",20557,8.6,"seth colter walls","contributor","2015-05-08",4,2015
"312",279,"kanye west","watch the throne",15725,8.5,"tom breihan","contributor","2011-08-11",3,2011
"313",311,"kanye west","graduation",10658,8.7,"mark pytlik","contributor","2007-09-11",1,2007
"314",312,"kanye west","my beautiful dark twisted fantasy",14880,10,"ryan dombal","senior editor","2010-11-22",0,2010
"315",313,"kanye west","yeezus",18172,9.5,"ryan dombal","senior editor","2013-06-18",1,2013
"316",314,"kanye west","the life of pablo",21542,9,"jayson greene","senior editor","2016-02-15",0,2016
"317",315,"kanye west","the college dropout",8767,8.2,"rob mitchum","contributor","2004-02-20",4,2004
"318",316,"kanye west","late registration",8768,9.5,"sean fennessey","contributor","2005-08-28",6,2005
"319",317,"kate bush","50 words for snow",16067,8.5,"ryan dombal","senior editor","2011-11-21",0,2011
"320",318,"kate bush","before the dawn",22467,8.5,"laura snapes","contributor","2016-11-28",0,2016
"321",319,"kelela","cut 4 me",18661,8.3,"miles raymer","contributor","2013-10-18",4,2013
"322",320,"kelela","hallucinogen",20432,8.3,"anupa mistry","contributor","2015-10-07",2,2015
"323",321,"kendrick lamar","good kid, m.a.a.d city",17253,9.5,"jayson greene","senior editor","2012-10-23",1,2012
"324",322,"kendrick lamar","to pimp a butterfly",20390,9.3,"craig jenkins","contributor","2015-03-19",3,2015
"325",323,"kendrick lamar","untitled unmastered.",21705,8.6,"kris ex ","contributor","2016-03-08",1,2016
"326",324,"kevin gates","islah",21287,8.5,"jayson greene","senior editor","2016-02-04",3,2016
"327",325,"kevin morby","singing saw",21681,8.3,"mark richardson","executive editor","2016-04-15",4,2016
"328",326,"killer mike","r.a.p. music",16537,8.6,"ian cohen","contributor","2012-05-15",1,2012
"329",327,"kurt vile","smoke ring for my halo",15174,8.4,"david bevan","contributor","2011-03-07",0,2011
"330",328,"kurt vile","wakin on a pretty daze",17851,8.5,"jayson greene","senior editor","2013-04-10",2,2013
"331",329,"kurt vile","blieve im goin down",20840,8.4,"mark richardson","executive editor","2015-09-22",1,2015
"332",330,"lambchop","mr. m",16221,8.3,"mike powell","contributor","2012-02-22",2,2012
"333",331,"lcd soundsystem","sound of silver",10017,9.2,"mark pytlik","contributor","2007-03-20",1,2007
"334",332,"lcd soundsystem","this is happening",14257,9.2,"ryan dombal","senior editor","2010-05-17",0,2010
"335",333,"lcd soundsystem","lcd soundsystem",4978,8.2,"dominique leone","contributor","2005-02-02",2,2005
"336",334,"leonard cohen","you want it darker",22514,8.5,"stacey anderson","associate features editor","2016-10-24",0,2016
"337",335,"les savy fav","let's stay friends",10678,8.3,"matt lemay","contributor","2007-09-18",1,2007
"338",336,"les savy fav","inches",4752,9.1,"matt lemay","contributor","2004-04-22",3,2004
"339",337,"levon vincent","levon vincent",20276,8.3,"philip sherburne","contributing editor","2015-03-03",1,2015
"340",338,"liars","liars",10588,8.5,"jess harvell","contributor","2007-08-27",0,2007
"341",339,"liars","sisterworld",13991,8.1,"marc masters","contributor","2010-03-09",1,2010
"342",340,"liars","drum's not dead",4767,9,"brandon stosuy","contributor","2006-02-22",2,2006
"343",341,"lightning bolt","wonderful rainbow",4786,8.4,"julianne escobedo shepherd","contributor","2003-03-03",0,2003
"344",342,"lil wayne","tha carter iii",11608,8.7,"ryan dombal","senior editor","2008-06-12",3,2008
"345",343,"lindstrom","where you go i go too",12125,8.6,"tim finney",NA,"2008-08-25",0,2008
"346",344,"lindstrom","it's a feedelity affair",9559,8.4,"tim finney",NA,"2006-10-25",2,2006
"347",345,"local natives","gorilla manor",13925,8.4,"ian cohen","contributor","2010-02-15",0,2010
"348",346,"loretta lynn","van lear rose",4961,9.3,"stephen deusner",NA,"2004-04-29",3,2004
"349",347,"lotus plaza","spooky action at a distance",16432,8.4,"ian cohen","contributor","2012-04-02",0,2012
"350",348,"love is all","nine times that same song",8971,8.7,"nick sylvester","contributor","2005-12-05",0,2006
"351",349,"lower dens","escape from evil",20213,8.3,"sasha geffen","contributor","2015-04-03",4,2015
"352",350,"lykke li","wounded rhymes",15167,8.3,"stephen m. deusner","contributor","2011-03-03",3,2011
"353",351,"lykke li","i never learn",19312,8.4,"ian cohen","contributor","2014-05-05",0,2014
"354",352,"m.i.a.","kala",10564,8.9,"mark pytlik","contributor","2007-08-21",1,2007
"355",353,"m.i.a.","arular",5618,8.6,"scott plagenhoef","contributor","2005-03-22",1,2005
"356",354,"m83","saturdays=youth",11406,8.5,"brian howe","contributor","2008-04-15",1,2008
"357",355,"m83","hurry up, we're dreaming",15881,9.1,"ian cohen","contributor","2011-10-17",0,2011
"358",356,"m83","dead cities, red seas & lost ghosts",5006,9.2,"matt lemay","contributor","2003-05-12",0,2003
"359",357,"m83","before the dawn heals us",5009,8.6,"brandon stosuy","contributor","2005-01-26",2,2005
"360",358,"mac demarco","2",17182,8.2,"sam hockley-smith","contributor","2012-10-31",2,2012
"361",359,"mac demarco","salad days",19170,8.5,"marc hogan","senior staff writer","2014-04-01",1,2014
"362",360,"madvillain","madvillainy",5579,9.4,"rollie pemberton & nick sylvester",NA,"2004-03-25",3,2004
"363",361,"majesticons","beauty party",5050,8.7,"julianne escobedo shepherd","contributor","2003-02-25",1,2003
"364",362,"male bonding","nothing hurts",14241,8.5,"nitsuh abebe","contributor","2010-05-13",3,2010
"365",364,"marnie stern","this is it and i am it and you are it and so is that and he is it and she is it and it is it and that is that",12272,8.3,"mike powell","contributor","2008-10-09",3,2008
"366",365,"mastodon","blood mountain",9426,8.7,"brandon stosuy","contributor","2006-09-20",2,2006
"367",366,"matthew dear","black city",14533,8.4,"joe colly","contributor","2010-08-13",4,2010
"368",368,"max richter","the blue notebooks",6917,8.7,"mark pytlik","contributor","2004-07-01",3,2004
"369",369,"maxwell","blacksummersnight",22057,8.4,"rebecca haithcoat","contributor","2016-07-12",1,2016
"370",370,"memory tapes","seek magic",13451,8.3,"ian cohen","contributor","2009-09-30",2,2009
"371",371,"menomena","i am the fun blame monster",5555,8.7,"joe tangari","contributor","2003-10-21",1,2003
"372",372,"menomena","friend and foe",9768,8.5,"joe tangari","contributor","2007-01-18",3,2007
"373",373,"metz","metz",17170,8.5,"stuart berman","contributor","2012-10-10",2,2012
"374",374,"miguel","kaleidoscope dream",17125,8.4,"andrew ryce","contributor","2012-10-04",3,2012
"375",375,"miguel","wildheart",20728,8.9,"anupa mistry","contributor","2015-07-01",2,2015
"376",376,"mikal cronin","mcii",17959,8.4,"evan minsker","deputy news editor","2013-05-02",3,2013
"377",377,"mirah","c'mon miracle",5332,8.5,"michael idov",NA,"2004-05-12",2,2004
"378",378,"mitski","puberty 2",21970,8.5,"jillian mapes","senior editor","2016-06-22",2,2016
"379",379,"moodymann","dj-kicks",21580,8.4,"andy beta","contributor","2016-02-17",2,2016
"380",380,"morrissey","you are the quarry",5437,8.9,"brent dicrescenzo","contributor","2004-05-19",2,2004
"381",381,"mos def","the ecstatic",13161,8,"nate patrin","contributor","2009-06-10",2,2009
"382",382,"mount eerie","clear moon",16657,8.3,"jayson greene","senior editor","2012-05-22",1,2012
"383",383,"mount eerie","lost wisdom",12292,8.3,"matthew solarski","contributor","2008-10-14",1,2008
"384",384,"mutsumi","afro finger and gel",5561,9,"andy beta","contributor","2003-12-04",3,2003
"385",385,"mutual benefit","love's crushing diamond",18669,8.4,"ian cohen","contributor","2013-10-25",4,2013
"386",386,"my bloody valentine","m b v",17726,9.1,"mark richardson","executive editor","2013-02-06",2,2013
"387",387,"my morning jacket","it still moves",5531,8.3,"joe tangari","contributor","2003-09-17",2,2003
"388",388,"nao","february 15",20620,8.4,"meaghan garvey","contributor","2015-05-22",4,2015
"389",389,"nas","life is good",16832,8.3,"jayson greene","senior editor","2012-07-20",4,2012
"390",390,"natalie prass","natalie prass",20088,8.3,"jeremy gordon","contributor","2015-01-26",0,2015
"391",391,"need new body","ufo",5732,8.4,"matt lemay","contributor","2003-09-23",1,2003
"392",392,"neon indian","psychic chasms",13510,8.6,"marc hogan","senior staff writer","2009-10-13",1,2009
"393",393,"neon indian","vega intl. night school",21041,8.6,"ian cohen","contributor","2015-10-14",2,2015
"394",394,"nick cave & the bad seeds","skeleton tree",22336,9,"stuart berman","contributor","2016-09-14",2,2016
"395",395,"nicolas jaar","space is only noise",15122,8.4,"andrew gaerig","contributor","2011-02-17",3,2011
"396",396,"nicolas jaar","sirens",22444,8.7,"jonah bromwich","contributor","2016-09-29",3,2016
"397",397,"no age","nouns",11449,9.2,"amanda petrusich","contributor","2008-05-05",0,2008
"398",398,"no age","everything in between",14688,8.8,"paul thompson","contributor","2010-09-28",1,2010
"399",399,"non-prophets","hope",5883,9.2,"rollie pemberton",NA,"2003-10-13",0,2003
"400",400,"nxworries","yes lawd!",22389,8.2,"jonah bromwich","contributor","2016-10-18",1,2016
"401",401,"of montreal","hissing fauna, are you the destroyer?",9796,8.7,"rob mitchum","contributor","2007-01-24",2,2007
"402",402,"off!","first four eps",14919,8.5,"paul thompson","contributor","2010-12-09",3,2010
"403",403,"okkervil river","the stage names",10509,8.7,"stephen m. deusner","contributor","2007-08-06",0,2007
"404",404,"oneohtrix point never","replica",16031,8.8,"mark richardson","executive editor","2011-11-11",4,2011
"405",405,"oneohtrix point never","r plus seven",18537,8.4,"mark richardson","executive editor","2013-10-04",4,2013
"406",406,"oneohtrix point never","garden of delete",21108,8.7,"philip sherburne","contributing editor","2015-11-09",0,2015
"407",407,"ought","more than any other day",19248,8.4,"stuart berman","contributor","2014-04-29",1,2014
"408",408,"out hud","s.t.r.e.e.t. d.a.d.",6059,9,"eric carr","contributor","2003-01-15",2,2002
"409",409,"owen pallett","heartland",13830,8.6,"nitsuh abebe","contributor","2010-01-15",4,2010
"410",410,"pallbearer","sorrow and extinction",16345,8.4,"brandon stosuy","contributor","2012-03-01",3,2012
"411",411,"pallbearer","foundations of burden",19570,8.6,"brandon stosuy","contributor","2014-08-12",1,2014
"412",412,"panda bear","person pitch",10025,9.4,"mark richardson","executive editor","2007-03-22",3,2007
"413",413,"panda bear","tomboy",15299,8.5,"jess harvell","contributor","2011-04-11",0,2011
"414",414,"panda bear","panda bear meets the grim reaper",20079,8.7,"stuart berman","contributor","2015-01-12",0,2015
"415",415,"panda bear","young prayer",6141,8.5,"mark richardson","executive editor","2004-09-29",2,2004
"416",416,"pantha du prince","black noise",13947,8.3,"joe colly","contributor","2010-02-19",4,2010
"417",417,"panthers","let's get serious",6150,7.9,"brandon stosuy","contributor","2003-04-30",2,2003
"418",418,"parquet courts","sunbathing animal",19403,8.6,"larry fitzmaurice","contributor","2014-06-04",2,2014
"419",419,"parquet courts","human performance",21597,8.4,"jenn pelly","associate reviews editor","2016-04-08",4,2016
"420",420,"passion pit","gossamer",16844,8.4,"ian cohen","contributor","2012-07-23",0,2012
"421",421,"patrick wolf","the magic position",9965,8.3,"liz colville",NA,"2007-03-08",3,2007
"422",422,"perfect pussy","say yes to love",19086,8.6,"lindsay zoladz","contributor","2014-03-17",0,2014
"423",423,"perfume genius","put your back n 2 it",16335,8.4,"larry fitzmaurice","contributor","2012-02-27",0,2012
"424",424,"perfume genius","too bright",19798,8.5,"brandon stosuy","contributor","2014-09-23",1,2014
"425",425,"peter bjorn and john","writer's block",9518,8.5,"marc hogan","senior staff writer","2006-10-18",2,2006
"426",426,"pharmakon","bestial burden",19871,8.4,"larry fitzmaurice","contributor","2014-10-15",2,2014
"427",427,"philip jeck","7",4227,8.2,"mark richardson","executive editor","2004-01-13",1,2004
"428",428,"phoenix","wolfgang amadeus phoenix",13052,8.5,"ryan dombal","senior editor","2009-05-27",2,2009
"429",429,"phosphorescent","muchacho",17522,8.8,"jayson greene","senior editor","2013-03-18",0,2013
"430",430,"pj harvey","let england shake",15120,8.8,"scott plagenhoef","contributor","2011-02-15",1,2011
"431",431,"polysics","neu",6396,8.3,"brad hurst",NA,"2003-09-04",3,2003
"432",432,"porches","pool",21514,8.3,"jeremy gordon","contributor","2016-02-08",0,2016
"433",433,"portishead","third",11438,8.8,"nate patrin","contributor","2008-04-28",0,2008
"434",434,"prefuse 73","one word extinguisher",6449,9.1,"jascha hoffman",NA,"2003-05-07",2,2003
"435",597,"preoccupations","viet cong",20086,8.5,"ian cohen","contributor","2015-01-22",3,2015
"436",435,"prodigy","return of the mac",10116,8.5,"tom breihan","contributor","2007-04-20",4,2007
"437",436,"prurient","frozen niagara falls",20463,8.5,"andy o'connor","contributor","2015-05-14",3,2015
"438",437,"purity ring","shrines",16851,8.4,"mark richardson","executive editor","2012-07-24",1,2012
"439",438,"radiohead","in rainbows",10785,9.3,"mark pytlik","contributor","2007-10-15",0,2007
"440",439,"radiohead","a moon shaped pool",21907,9.1,"jayson greene","senior editor","2016-05-11",2,2016
"441",440,"raekwon","only built 4 cuban linx... pt. ii",13441,8.8,"nate patrin","contributor","2009-09-17",3,2009
"442",441,"real estate","real estate",13703,8.5,"david bevan ","contributor","2009-11-17",1,2009
"443",442,"real estate","days",15918,8.7,"marc masters","contributor","2011-10-18",1,2011
"444",443,"real estate","atlas",19060,8.8,"jayson greene","senior editor","2014-03-03",0,2014
"445",444,"rhye","woman",17693,8.5,"miles raymer","contributor","2013-03-05",1,2013
"446",445,"robyn","body talk pt. 1",14294,8.5,"marc hogan","senior staff writer","2010-06-01",1,2010
"447",446,"robyn","body talk",14917,8.7,"marc hogan","senior staff writer","2010-12-03",4,2010
"448",447,"run the jewels","run the jewels",18219,8.5,"nate patrin","contributor","2013-07-01",0,2013
"449",448,"run the jewels","run the jewels 2",19968,9,"ian cohen","contributor","2014-10-29",2,2014
"450",449,"run the jewels","run the jewels 3",22745,8.6,"sheldon pearce","associate staff writer","2017-01-03",1,2016
"451",450,"sally shapiro","disco romance",9751,8.5,"marc hogan","senior staff writer","2007-01-09",1,2006
"452",451,"savages","silence yourself",17977,8.7,"lindsay zoladz","contributor","2013-05-06",0,2013
"453",452,"schoolboy q","habits & contradictions",16216,8.4,"jayson greene","senior editor","2012-01-27",4,2012
"454",453,"schoolboy q","blank face lp",22094,8.3,"jonah bromwich","contributor","2016-07-14",3,2016
"455",454,"scott walker","the drift",8764,9,"dominique leone","contributor","2006-05-09",1,2006
"456",455,"sepalcure","sepalcure",16062,8.4,"andrew gaerig","contributor","2011-11-22",1,2011
"457",456,"serena-maneesh","serena maneesh",8972,8.6,"nick sylvester","contributor","2005-09-06",1,2006
"458",457,"shabazz palaces","black up",15570,8.8,"eric grandy","contributor","2011-06-27",0,2011
"459",458,"shamir","ratchet",20585,8.3,"anupa mistry","contributor","2015-05-18",0,2015
"460",459,"sheer mag","iii",21731,8.3,"jeremy gordon","contributor","2016-03-14",0,2016
"461",460,"shining","in the kingdom of kitsch you will be a monster",7805,8.3,"brandon stosuy","contributor","2005-03-11",4,2005
"462",461,"single frame","wetheads come running",7180,8.5,"andrew bryant",NA,"2003-05-27",1,2002
"463",462,"six organs of admittance","school of the flower",7203,8.3,"brandon stosuy","contributor","2005-02-09",2,2005
"464",463,"sleater-kinney","no cities to love",20148,8.7,"jenn pelly","associate reviews editor","2015-01-20",1,2015
"465",464,"sleater-kinney","the woods",7240,9,"stephen m. deusner","contributor","2005-05-24",1,2005
"466",465,"sleigh bells","treats",14251,8.7,"mark richardson","executive editor","2010-05-14",4,2010
"467",466,"smith westerns","dye it blonde",15016,8.4,"david bevan","contributor","2011-01-18",1,2011
"468",467,"solange","a seat at the table",22482,8.7,"julianne escobedo shepherd","contributor","2016-10-05",2,2016
"469",468,"songs: ohia","magnolia electric co.",7333,8.2,"eric carr","contributor","2003-03-12",2,2003
"470",469,"sonic youth","sonic nurse",7348,8.5,"sam ubl",NA,"2004-06-06",6,2004
"471",470,"speedy ortiz","major arcana",18245,8.4,"lindsay zoladz","contributor","2013-07-12",4,2013
"472",471,"spiritualized","songs in a&e",11569,8.4,"mike mcgonigal","contributor","2008-06-03",1,2008
"473",472,"spiritualized","sweet heart sweet light",16503,8.8,"ryan dombal","senior editor","2012-04-16",0,2012
"474",473,"spoon","ga ga ga ga ga",10390,8.5,"eric harvey","contributor","2007-07-11",2,2007
"475",474,"spoon","they want my soul",19514,8.6,"ryan dombal","senior editor","2014-08-04",0,2014
"476",475,"st. vincent","actor",12985,8.5,"matthew perpetua",NA,"2009-05-05",1,2009
"477",476,"st. vincent","strange mercy",15813,9,"ryan dombal","senior editor","2011-09-13",1,2011
"478",477,"st. vincent","st. vincent",19020,8.6,"lindsay zoladz","contributor","2014-02-24",0,2014
"479",478,"stephen malkmus","face the truth",5059,8.7,"sam ubl",NA,"2005-05-24",1,2005
"480",479,"sufjan stevens","the age of adz",14738,8.4,"ryan dombal","senior editor","2010-10-12",1,2010
"481",480,"sufjan stevens","carrie & lowell",20218,9.3,"brandon stosuy","contributor","2015-03-30",0,2015
"482",481,"sufjan stevens","greetings from michigan: the great lakes state",7510,8.5,"brandon stosuy","contributor","2003-07-27",6,2003
"483",482,"sufjan stevens","seven swans",7512,8.1,"nick sylvester","contributor","2004-03-16",1,2004
"484",483,"sufjan stevens","illinois",7514,9.2,"amanda petrusich","contributor","2005-07-04",0,2005
"485",484,"sun kil moon","benji",18860,9.2,"ian cohen","contributor","2014-02-03",0,2014
"486",485,"sunburned hand of the man","headdress",7569,9,"andrew bryant",NA,"2003-04-24",3,2003
"487",486,"sunn o)))","monoliths & dimensions",13195,8.5,"grayson currin","contributor","2009-05-29",4,2009
"488",487,"sunn o)))","black one",7581,8.9,"brandon stosuy","contributor","2005-12-14",2,2006
"489",488,"sunset rubdown","random spirit lover",10711,8.5,"brian howe","contributor","2007-10-01",0,2007
"490",489,"sunset rubdown","dragonslayer",13232,8.3,"jessica suarez","contributor","2009-06-24",2,2009
"491",490,"sunset rubdown","shut up i am dreaming",7818,8.6,"brandon stosuy","contributor","2006-05-03",2,2006
"492",491,"supersilent","6",7628,9.1,"chris dahlen",NA,"2003-02-11",1,2003
"493",492,"surfer blood","astro coast",13844,8.2,"ian cohen","contributor","2010-01-21",3,2010
"494",493,"swans","the seer",16964,9,"mike powell","contributor","2012-08-27",0,2012
"495",494,"swans","to be kind",19326,9.2,"stuart berman","contributor","2014-05-12",0,2014
"496",495,"tame impala","innerspeaker",14279,8.5,"zach kelly","contributor","2010-05-28",4,2010
"497",496,"tame impala","lonerism",17131,9,"ian cohen","contributor","2012-10-08",0,2012
"498",497,"tame impala","currents",20578,9.3,"ian cohen","contributor","2015-07-13",0,2015
"499",498,"tapes 'n tapes","the loon",8314,8.3,"sam ubl",NA,"2006-02-27",0,2006
"500",499,"ted leo and the pharmacists","hearts of oak",4739,8.3,"rob mitchum","contributor","2003-02-07",4,2003
"501",500,"the-dream","love king",14449,8.6,"david drake","contributor","2010-07-13",1,2010
"502",501,"the angels of light","everything is good here/please come home",187,8.6,"dominique leone","contributor","2003-01-20",0,2003
"503",502,"the antlers","hospice",13196,8.5,"brian howe","contributor","2009-08-04",1,2009
"504",503,"the antlers","burst apart",15411,8.2,"ian cohen","contributor","2011-05-12",3,2011
"505",504,"the avalanches","wildflower",22065,8.5,"mark richardson","executive editor","2016-07-08",4,2016
"506",505,"the books","the lemon of pink",855,8.4,"mark richardson","executive editor","2003-10-08",2,2003
"507",506,"the boy least likely to","the best party ever",1157,8.5,"marc hogan","senior staff writer","2005-04-26",1,2005
"508",507,"the bug","london zoo",12000,8.6,"nate patrin","contributor","2008-07-30",2,2008
"509",508,"the clientele","god save the clientele",10206,8.3,"mark richardson","executive editor","2007-05-10",3,2007
"510",509,"the clientele","strange geometry",1507,8.6,"mark richardson","executive editor","2005-10-13",3,2005
"511",510,"the deadly snakes","ode to joy",2519,8.5,"amanda petrusich","contributor","2003-09-21",6,2003
"512",511,"the decemberists","her majesty the decemberists",2239,8.2,"chris dahlen",NA,"2003-09-07",6,2003
"513",512,"the decemberists","castaways and cutouts",2241,8.1,"eric carr","contributor","2003-03-25",1,2002
"514",513,"the decemberists","picaresque",2243,8.3,"stephen m. deusner","contributor","2005-03-23",2,2005
"515",514,"the decemberists","the crane wife",9472,8.4,"stephen m. deusner","contributor","2006-10-03",1,2006
"516",515,"the dodos","visiter",11268,8.5,"ian cohen","contributor","2008-03-21",4,2008
"517",516,"the exploding hearts","guitar romantic",2875,8.8,"matt lemay","contributor","2003-04-08",1,2003
"518",517,"the field","from here we go sublime",10022,9,"jess harvell","contributor","2007-03-26",0,2007
"519",518,"the field","looping state of mind",15790,8.5,"jess harvell","contributor","2011-09-07",2,2011
"520",519,"the field","cupid's head",18538,8.7,"larry fitzmaurice","contributor","2013-10-02",2,2013
"521",520,"the fiery furnaces","blueberry boat",3272,9.6,"chris dahlen",NA,"2004-07-13",1,2004
"522",521,"the fiery furnaces","ep",3273,8.9,"rob mitchum","contributor","2005-01-12",2,2005
"523",522,"the flaming lips","embryonic",13522,9,"stuart berman","contributor","2009-10-12",0,2009
"524",523,"the foreign exchange","connected",3321,8.6,"jamin warren",NA,"2004-09-14",1,2004
"525",524,"the futureheads","the futureheads",3316,8.3,"sam ubl",NA,"2004-07-29",3,2004
"526",525,"the go! team","thunder, lightning, strike",3654,8.7,"ryan schreiber","editor-in-chief","2004-10-26",1,2004
"527",526,"the haxan cloak","excavation",17732,8.7,"nick neyland","contributor","2013-04-17",2,2013
"528",527,"the hold steady","separation sunday",3977,8.7,"tom breihan","contributor","2005-05-05",3,2005
"529",528,"the hold steady","boys and girls in america",9474,9.4,"scott plagenhoef","contributor","2006-10-02",0,2006
"530",529,"the knife","shaking the habitual",17847,8.4,"lindsay zoladz","contributor","2013-04-08",0,2013
"531",530,"the knife","silent shout",4590,8.6,"mark pytlik","contributor","2006-02-13",0,2006
"532",531,"the men","open your heart",16295,8.5,"ian cohen","contributor","2012-03-05",0,2012
"533",532,"the microphones","mount eerie",5267,8.9,"eric carr","contributor","2003-01-20",0,2003
"534",533,"the morning benders","big echo",13965,8.2,"larry fitzmaurice","contributor","2010-03-17",2,2010
"535",534,"the mountain goats","the life of the world to come",13483,8.4,"mike powell","contributor","2009-10-14",2,2009
"536",535,"the national","boxer",10242,8.6,"stephen m. deusner","contributor","2007-05-21",0,2007
"537",536,"the national","high violet",14203,8.7,"andrew gaerig","contributor","2010-05-10",0,2010
"538",537,"the national","trouble will find me",18030,8.4,"ian cohen","contributor","2013-05-21",1,2013
"539",538,"the new pornographers","twin cinema",5773,9,"rob mitchum","contributor","2005-08-21",6,2005
"540",539,"the pains of being pure at heart","the pains of being pure at heart",12644,8.4,"ian cohen","contributor","2009-02-06",4,2009
"541",540,"the pains of being pure at heart","belong",15270,8.2,"ian cohen","contributor","2011-04-01",4,2011
"542",541,"the pipettes","we are the pipettes",9244,8.4,"scott plagenhoef","contributor","2006-07-26",2,2006
"543",542,"the plastic constellations","mazatlan",6542,8.5,"sam ubl",NA,"2004-06-28",0,2004
"544",543,"the radio dept.","clinging to a scheme",14146,8.3,"larry fitzmaurice","contributor","2010-04-26",0,2010
"545",544,"the range","nonfiction",18679,8.2,"mike powell","contributor","2013-10-31",3,2013
"546",545,"the rapture","echoes",6693,9,"ryan schreiber","editor-in-chief","2003-09-09",1,2003
"547",546,"the ruby suns","sea lion",11219,8.3,"andrew gaerig","contributor","2008-03-07",4,2008
"548",547,"the shins","port of morrow",16390,8.4,"larry fitzmaurice","contributor","2012-03-19",0,2012
"549",548,"the shins","chutes too narrow",7114,8.9,"matt lemay","contributor","2003-10-20",0,2003
"550",549,"the soft pink truth","do you party?",7314,8.4,"dominique leone","contributor","2003-02-04",1,2003
"551",550,"the streets","a grand don't come for free",7533,9.1,"scott plagenhoef","contributor","2004-05-17",0,2004
"552",551,"the tallest man on earth","the wild hunt",14110,8.5,"stephen m. deusner","contributor","2010-04-15",3,2010
"553",552,"the thermals","the body, the blood, the machine",9328,8.5,"amanda petrusich","contributor","2006-08-22",1,2006
"554",553,"the tough alliance","a new chance",10668,8.6,"marc hogan","senior staff writer","2007-10-19",4,2007
"555",554,"the twilight sad","fourteen autumns and fifteen winters",10111,8.6,"mark richardson","executive editor","2007-04-12",3,2007
"556",555,"the unicorns","who will cut our hair when we're gone?",8380,8.9,"eric carr","contributor","2003-11-11",1,2003
"557",556,"the very best","esau mwamwaya and radioclit are the very best",12503,8.6,"scott plagenhoef","contributor","2008-12-04",3,2008
"558",557,"the very best","warm heart of africa",13518,8.6,"brian howe","contributor","2009-10-06",1,2009
"559",558,"the walkmen","you & me",12084,8.5,"jason crock",NA,"2008-08-18",0,2008
"560",559,"the walkmen","lisbon",14605,8.6,"tom breihan",NA,"2010-09-13",0,2010
"561",560,"the walkmen","bows and arrows",8572,9.2,"eric carr","contributor","2004-02-05",3,2004
"562",561,"the war on drugs","slave ambient",15733,8.3,"stuart berman","contributor","2011-08-23",1,2011
"563",562,"the war on drugs","lost in the dream",19094,8.8,"stuart berman","contributor","2014-03-18",1,2014
"564",563,"the weeknd","trilogy",15264,8.5,"joe colly","contributor","2011-03-29",1,2011
"565",564,"the wrens","the meadowlands",8742,9.5,"ryan schreiber","editor-in-chief","2003-09-29",0,2003
"566",565,"the xx","xx",13400,8.7,"andrew gaerig","contributor","2009-08-28",4,2009
"567",566,"these new puritans","field of reeds",18103,8.4,"laura snapes","contributor","2013-06-14",4,2013
"568",567,"thundercat","the beyond / where the giants roam",20760,8.3,"seth colter walls","contributor","2015-06-26",4,2015
"569",568,"tim hecker","ravedeath, 1972",15124,8.6,"joe colly","contributor","2011-02-18",4,2011
"570",569,"tim hecker","virgins",18559,8.3,"mike powell","contributor","2013-10-15",1,2013
"571",570,"tim hecker","harmony in ultraviolet",9497,8.7,"mark richardson","executive editor","2006-10-16",0,2006
"572",571,"times new viking","rip it off",11066,8.4,"jason crock",NA,"2008-01-22",1,2008
"573",572,"titus andronicus","the airing of grievances",11202,8.5,"adam moerder",NA,"2008-04-25",4,2008
"574",573,"titus andronicus","the monitor",14010,8.7,"rob mitchum","contributor","2010-03-12",4,2010
"575",574,"tnght","tnght",16854,8.5,"larry fitzmaurice","contributor","2012-07-25",2,2012
"576",575,"tobias jesso jr.","goon",20153,8.5,"mark richardson","executive editor","2015-03-16",0,2015
"577",576,"todd terje","it's album time",19148,8.7,"mike powell","contributor","2014-04-07",0,2014
"578",577,"toro y moi","underneath the pine",15129,8.3,"ian cohen","contributor","2011-02-25",4,2011
"579",578,"trash talk","awake",15911,8.2,"brandon stosuy","contributor","2011-10-14",4,2011
"580",579,"tune-yards","w h o k i l l",15321,8.8,"matthew perpetua",NA,"2011-04-18",0,2011
"581",580,"tv on the radio","dear science",12246,9.2,"chris dahlen",NA,"2008-09-22",0,2008
"582",581,"tv on the radio","young liars",8196,8.9,"eric carr","contributor","2003-07-27",6,2003
"583",582,"tv on the radio","return to cookie mountain",9177,9.1,"chris dahlen",NA,"2006-07-05",2,2006
"584",583,"twin shadow","forget",14675,8.4,"liz colville",NA,"2010-10-04",0,2010
"585",584,"twin shadow","confess",16805,8.6,"ian cohen","contributor","2012-07-06",4,2012
"586",585,"ty segall band","slaughterhouse",16744,8.7,"stuart berman","contributor","2012-06-25",0,2012
"587",586,"vampire weekend","vampire weekend",11058,8.8,"nitsuh abebe","contributor","2008-01-28",0,2008
"588",587,"vampire weekend","contra",13807,8.6,"mike powell","contributor","2010-01-11",0,2010
"589",588,"vampire weekend","modern vampires of the city",17963,9.3,"ryan dombal","senior editor","2013-05-13",0,2013
"590",589,"various artists","after dark",10351,8.3,"marc hogan","senior staff writer","2007-06-22",4,2007
"591",590,"various artists","dark was the night",12717,8.6,"scott plagenhoef","contributor","2009-02-26",3,2009
"592",591,"various artists","5: five years of hyperdub",13614,8.2,"mike powell","contributor","2009-10-28",2,2009
"593",592,"various artists","after dark 2",18134,8.3,"andrew gaerig","contributor","2013-05-31",4,2013
"594",593,"various artists","hyperdub 10.1",19356,8.5,"larry fitzmaurice","contributor","2014-05-21",2,2014
"595",594,"various artists","dfa compilation #2",2032,9,"nick sylvester","contributor","2004-11-03",2,2004
"596",595,"various artists","run the road",2058,9.1,"mark pytlik","contributor","2005-02-11",4,2005
"597",596,"vashti bunyan","lookaftering",1136,8.5,"matthew murphy","contributor","2005-10-27",3,2005
"598",598,"vijay iyer","a cosmic rhythm with each stroke",21518,8.5,"seth colter walls","contributor","2016-03-23",2,2016
"599",599,"viktor vaughn","vaudeville villain",8514,9.1,"rollie pemberton",NA,"2003-09-15",0,2003
"600",600,"vince staples","hell can wait",19849,8.5,"craig jenkins","contributor","2014-10-14",1,2014
"601",601,"vince staples","summertime '06",20719,8.8,"jayson greene","senior editor","2015-06-29",0,2015
"602",602,"vitalic","ok cowboy",8538,8.6,"mark pytlik","contributor","2005-04-28",3,2005
"603",603,"vivian girls","vivian girls",12286,8.5,"amy granzin","contributor","2008-10-03",4,2008
"604",604,"volcano choir","unmap",13506,8.3,"mark richardson","executive editor","2009-09-24",3,2009
"605",605,"washed out","within and without",15614,8.3,"brandon soderberg","contributor","2011-07-11",0,2011
"606",606,"wavves","wavvves",12783,8.1,"david bevan","contributor","2009-03-04",2,2009
"607",607,"wavves","king of the beach",14415,8.4,"ian cohen","contributor","2010-07-01",3,2010
"608",608,"waxahatchee","cerulean salt",17688,8.4,"lindsay zoladz","contributor","2013-03-07",3,2013
"609",609,"weyes blood","front row seat to earth",22463,8.3,"jillian mapes","senior editor","2016-10-19",2,2016
"610",610,"white lung","deep fantasy",19460,8.6,"ian cohen","contributor","2014-06-17",1,2014
"611",611,"white lung","paradise",21849,8.4,"laura snapes","contributor","2016-05-06",4,2016
"612",612,"whitney","light upon the lake",21871,8.3,"matthew schnipper","managing editor","2016-06-06",0,2016
"613",613,"why?","oaklandazulasylum",8670,8.1,"chris dahlen",NA,"2003-07-03",3,2003
"614",614,"wild beasts","two dancers",13382,8.4,"stuart berman","contributor","2009-08-31",0,2009
"615",615,"wild nothing","gemini",14280,8.2,"ian cohen","contributor","2010-06-03",3,2010
"616",616,"wild nothing","nocturne",16969,8.3,"ian cohen","contributor","2012-08-28",1,2012
"617",617,"wilderness","wilderness",8791,8.5,"ryan schreiber","editor-in-chief","2005-06-23",3,2004
"618",618,"william basinski","the disintegration loops i-iv",577,9.4,"joe tangari","contributor","2004-04-08",3,2003
"619",619,"wolf parade","apologies to the queen mary",8794,9.2,"brandon stosuy","contributor","2005-09-25",6,2005
"620",620,"wolves in the throne room","celestial lineage",15835,8.6,"brandon stosuy","contributor","2011-09-23",4,2011
"621",621,"woods","songs of shame",12837,8.3,"matthew murphy","contributor","2009-04-24",4,2009
"622",622,"wu lyf","go tell fire to the mountain",15567,8.4,"ian cohen","contributor","2011-06-23",3,2011
"623",623,"xiu xiu","fabulous muscles",8826,9,"matt lemay","contributor","2004-02-17",1,2004
"624",624,"yacht","see mystery lights",13334,8.5,"rebecca raber",NA,"2009-08-05",2,2009
"625",625,"yo la tengo","i am not afraid of you and i will beat your ass",9397,8.3,"mark richardson","executive editor","2006-09-11",0,2006
"626",626,"young thug","barter 6",20529,8.4,"meaghan garvey","contributor","2015-04-24",4,2015
"627",627,"young thug","jeffery",22329,8.5,"sheldon pearce","associate staff writer","2016-09-01",3,2016
"628",628,"youth lagoon","the year of hibernation",15873,8.4,"mark richardson","executive editor","2011-09-29",3,2011
"629",629,"youth lagoon","wondrous bughouse",17672,8.7,"ian cohen","contributor","2013-03-04",0,2013
